"Conta","Apelido","Tesouraria","Ultima Compra","Tipo","Status","Disponível","Cartão","Data Ativação"
"127698298","Sandra irmã da piedade (ATENDIMENTO s. jd. tadeu 82.98)","127866192","16/09/2026","Usuário","Ativo","1,41","5116 **** **** 5856","23/08/2026"
"127698421","Neta irmã da piedade (ATENDIMENTO marechal 84.21)","127866192","08/09/2026","Usuário","Ativo","944,94","5116 **** **** 3919","23/08/2026"
"127698603","Letícia irmã da piedade (ATENDIMENTO v. Bela 86.03)","127866192","09/09/2026","Usuário","Ativo","55,17","5116 **** **** 2951","23/08/2026"
"127698694","Kelen irmã da piedade (ATENDIMENTO piracema 86.94)","127866192","08/09/2026","Usuário","Ativo","0,07","5116 **** **** 9663","23/08/2026"
"127698702","Rosalda irmã da piedade (ATENDIMENTO silviolândia 87.02)","127866192","08/09/2026","Usuário","Ativo","182,72","5116 **** **** 9231","25/08/2026"
"127698801","Mariene irmã da piedade (ATENDIMENTO r. vd. centro 88.01)","127866192","--","Usuário","Ativo","0,00","5116 **** **** 0972","25/08/2026"
"127698827","Ramona irmã da piedade (ATENDIMENTO r. vd. vl. nova 88.27)","127866192","--","Usuário","Ativo","0,00","5116 **** **** 8789","23/08/2026"
"127698850","Andreia irmã da piedade (ATENDIMENTO p. gms. 88.50)","127866192","11/09/2026","Usuário","Ativo","0,00","5116 **** **** 2447","23/08/2026"
"127698876","Gerson colab. piedade (SECRETARIA 88.76)","128175981","18/09/2026","Usuário","Ativo","13,90","5116 **** **** 0069","25/08/2026"
"127699064","Taynã diácono (MÚSICA 90.64)","127866192","--","Usuário","Ativo","0,00","5116 **** **** 3574","27/08/2026"
"127699239","Taynã diácono (ATENDIMENTO 92.39)","127866192","--","Usuário","Ativo","0,00","5116 **** **** 5746","10/08/2026"
"127699429","Adalto diácono (ATENDIMENTO 94.29)","127866192","--","Usuário","Ativo","0,00","5116 **** **** 7539","23/08/2026"
"127699593","João Torquato diácono (ATENDIMENTO 95.93)","127866192","29/09/2026","Usuário","Ativo","0,73","5116 **** **** 6695","26/08/2026"
"127699668","Nilson diácono (ATENDIMENTO 96.68)","127866192","--","Usuário","Ativo","0,00","5116 **** **** 6259","25/08/2026"
"127699726","Taynã diácono (SECRETARIA 97.26)","128175981","30/08/2026","Usuário","Ativo","176,40","5116 **** **** 5441","24/08/2026"
"127699262","Dede diácono (ATENDIMENTO 92.62)","127866192","--","Usuário","Ativo","--","--","30/09/2026"