Código,Finalidade,O que é,Frentes,Históricos SIGA,Fonte,Cuidados
F03,Abastecer o caixa para a reunião de atendimento,Numerário levado do banco ou de outro caixa para dispor de dinheiro na reunião mensal,PIEDADE,032 TRANSF.VLR; 011 CHEQUE Nº; 168 DEP. CX. FUNDO FIXO,MAD.TES.01 itens 3.4 e 3.5; MOP.PIA.01 p.16; Livro Diário PIA-Coxim (49 lançamentos),Saldo do caixa deve bater com o físico no fim do mês (FOR.TES.09)
F04,Abastecer o caixa de viagens missionárias,Numerário transferido para o caixa de viagens antes da emissão dos envelopes,VIAGEM,032 TRANSF.VLR; 011 CHEQUE Nº,MOP.PIA.01 p.20; Livro Diário PIA-Coxim (18 lançamentos),Entre departamentos só na PIA sede da Regional (PIA-Coxim); só custeia viagens oradas ou consideradas em RRM
F05,Abastecer o caixa do Fundo Musical,Numerário transferido para o caixa do Fundo Musical,MUSICA,032 TRANSF.VLR; 011 CHEQUE Nº,Plano de Contas PIA-Coxim (conta 10035); rotina confirmada pela Secretaria,Deliberação sobre o uso dos recursos cabe aos Diáconos com os Encarregados de Orquestra
F06,Recolher ao banco a sobra do caixa,Devolução ao banco do numerário não utilizado no caixa no fechamento do mês,PIEDADE;VIAGEM;MUSICA,014 DEP. BANCÁRIO; 032 TRANSF.VLR,MAD.TES.01 item 3.5; FOR.TES.09,Conciliação de caixa até o dia 10 do mês seguinte; Termo de Verificação assinado
F07,Custodiar numerário em cofre para emergências,Saque concentrado para manter numerário no cofre e evitar saques repetidos,PIEDADE,011 CHEQUE Nº; 032 TRANSF.VLR,CI 07/26; MOP.PIA.01 p.23,Proposta ainda em deliberação; cofre aberto por dois ou mais Diáconos em conjunto com formulário assinado
F08,Recolher ao caixa o saldo em espécie do cartão,Valor sacado no cartão pré-pago e não utilizado devolvido ao caixa,PIEDADE;VIAGEM,105 SAQUE/COMPRA CARTÃO DÉBITO; 106 COMPRA/SAQUE CARTÃO DÉBITO,MOP.PIA.01 p.20; Ofício 004/26,Devolução sempre em Reais
F09,Suprir a conta ACG para carga de cartões,PIX do banco para a conta de pagamento que alimenta os cartões pré-pagos,PIEDADE;VIAGEM;MUSICA,032 TRANSF.VLR,Ofício 004/26; Livro Diário PIA-Coxim,Operação iniciada em 2026; conferir saldo antes da reunião
F10,Devolver ao banco o saldo da conta ACG,Zeragem da conta de pagamento ao fim do período,PIEDADE;VIAGEM;MUSICA,032 TRANSF.VLR; 034 TRANSF.P/ENCERRAMENTO,Ofício 004/26,Dispensa da zeragem está em consulta à Tesouraria do Brás
F11,Cobrir saldo de conta para tarifas bancárias,Reforço de conta bancária sem saldo suficiente para as tarifas do período,PIEDADE;VIAGEM;MUSICA,032 TRANSF.VLR,MAD.TES.01 item 3.4; Livro Diário PIA-Coxim (69 lançamentos),Cheque emitido custa R$ 20 conforme CI 07/26
F12,Concentrar saldo em outra conta bancária da PIA,Reunião de saldo disperso em uma única conta da mesma PIA,PIEDADE;VIAGEM;MUSICA,032 TRANSF.VLR; 166 REGUL. SALDO,MAD.TES.01 itens 3.4 e 3.6,Movimentação exige duas assinaturas (Estatuto art. 26 §2º)
F13,Carregar cartão pré-pago do colaborador,Crédito da conta ACG transferido para o cartão do Diácono ou da irmã,PIEDADE;VIAGEM,032 TRANSF.VLR; 108 VLR. ATEND. A MAIS C/ CARTÃO,Ofício 004/26; MOP.PIA.01 p.17,O manual recomenda formas de atendimento sem espécie
F14,Devolver à conta ACG o saldo não usado do cartão,Saldo remanescente do cartão devolvido à conta de pagamento,PIEDADE;VIAGEM,032 TRANSF.VLR; 109 VLR. ATEND. A MENOS C/ CARTÃO,Ofício 004/26,Sentido invertido em relação à carga — conferir antes de confirmar
F15,Transferir saldo entre cartões de colaboradores,Saldo movido de um cartão pré-pago para outro,PIEDADE;VIAGEM,107 TRANSF. VALORES ENTRE CARTÕES,Ofício 004/26,Usado em troca de responsável; sentido invertido
F16,Transferir saldo entre contas ACG da PIA,Saldo movido entre as contas de pagamento da mesma PIA,PIEDADE;VIAGEM;MUSICA,032 TRANSF.VLR,Ofício 004/26; Plano de Contas PIA-Coxim (10115; 10120; 10161),
F17,Aplicar saldo sem uso imediato,Sobra de disponibilidade transferida para aplicação financeira,PIEDADE;VIAGEM;MUSICA,002 APLICAÇÃO FINANCEIRA,MAD.TES.01 item 3.6; IT.TES.11; Livro Diário PIA-Coxim,Vedadas aplicações de risco; exige FOR.TES.06 e FOR.TES.07
F18,Resgatar aplicação para honrar compromisso,Resgate da aplicação para recompor a conta movimento,PIEDADE;VIAGEM;MUSICA,031 RESGATE DE APLICAÇÃO,IT.TES.11; Livro Diário PIA-Coxim,Separar capital de rendimento quando possível
F19,Transferir à Administração valores para compra ou serviço,Valor repassado antes para que a Administração faça a compra ou contrate o serviço,PIEDADE,032 TRANSF.VLR; 178 TRANSF. SETORIZAÇÃO,MOP.PIA.01 p.15 e p.27,Aquisição de bens exige deliberação em reunião do ministério de Diáconos
F20,Receber da Administração o ressarcimento de valores,Retorno de valor que a Administração desembolsou por conta da Piedade,PIEDADE,110 VLR P/REEMB.; 032 TRANSF.VLR,CI 11/26,Exige nota fiscal ou recibo da compra feita pela Administração
F21,Suprir a conta ACG de ponto de atendimento agregado,Carga da conta de pagamento de outra PIA da mesma administração para atendimento com cartão,PIEDADE,032 TRANSF.VLR; 178 TRANSF. SETORIZAÇÃO,Ofício 004/26; MOP.PIA.01 p.26,Contas 10116 e 10117 ainda sem movimento
F22,Carregar cartão de colaborador de outro ponto de atendimento,Carga de cartão vinculado a outra PIA da mesma administração,PIEDADE,032 TRANSF.VLR,Ofício 004/26; cadastro de cartões do projeto,O responsável deve corresponder ao cadastro do SIGA na data
F23,Ressarcir envelope de viagem entre administrações,Acerto entre administrações do valor de envelope de viagem pago por uma delas,VIAGEM,110 VLR P/REEMB.; 032 TRANSF.VLR,Definição da Secretaria (set/2026); MOP.PIA.01 p.20,As receitas e despesas de viagens são centralizadas na Regional Administrativa
F24,Remeter à outra administração coletas que lhe cabem,Repasse a outra administração de coletas arrecadadas e destinadas a ela,PIEDADE;VIAGEM;MUSICA,162 TRANSF. REMETIDA - REPARTIÇÃO DAS OFERTAS; 032 TRANSF.VLR; 164 REMESSA EXTERIOR,Definição da Secretaria (set/2026); Plano de Contas (2082; 2083; 2085),Registrar a destinação no Mapa de Coletas antes da remessa; 164 só quando o destino for o exterior
F25,Ressarcir a Administração por compra ou serviço,Devolução à Administração do valor que ela desembolsou pela Piedade ou pelo Departamento dos Diáconos,PIEDADE,110 VLR P/REEMB.; 032 TRANSF.VLR,CI 11/26; definição da Secretaria (set/2026),Exige nota fiscal ou recibo; difere de F19 porque a compra já foi feita
F26,Devolver valores não utilizados na mesa de atendimento,Retorno do numerário que sobrou na mesa ao término da reunião,PIEDADE,014 DEP. BANCÁRIO; 032 TRANSF.VLR,MOP.PIA.01 p.19; definição da Secretaria (set/2026),"Entre departamentos, só nas PIAs que não são sede da administração local"
F27,Desabastecer o caixa de viagens missionárias,Retirada do saldo do caixa de viagens para outro caixa ou para o banco,VIAGEM,014 DEP. BANCÁRIO; 032 TRANSF.VLR,Definição da Secretaria (set/2026); MAD.TES.01 item 3.5,Conferir com o Termo de Verificação do Saldo do Caixa
F28,Desabastecer o caixa do Fundo Musical,Retirada do saldo do caixa do Fundo Musical para outro caixa ou para o banco,MUSICA,014 DEP. BANCÁRIO; 032 TRANSF.VLR,Definição da Secretaria (set/2026); MAD.TES.01 item 3.5,Conferir com o Termo de Verificação do Saldo do Caixa
